{"cameraMode":{"drawMode":0,"name":"Shaded","section":"Shading Mode"},"sceneLighting":false,"audioPlay":false,"sceneViewState":{"showFog":true,"showMaterialUpdate":false,"showSkybox":false,"showFlares":true,"showImageEffects":true,"showParticleSystems":true},"in2DMode":false,"pivot":{"x":3.8867685794830324,"y":10.833759307861329,"z":14.099987983703614},"rotation":{"x":0.04474781081080437,"y":-0.9461027383804321,"z":0.2851858139038086,"w":0.14843937754631043},"size":0.45788395404815676,"orthographic":false}