{"cameraMode":{"drawMode":0,"name":"Shaded","section":"Shading Mode"},"sceneLighting":true,"audioPlay":false,"sceneViewState":{"showFog":true,"showMaterialUpdate":true,"showSkybox":true,"showFlares":true,"showImageEffects":true,"showParticleSystems":true},"in2DMode":false,"pivot":{"x":-12.472475051879883,"y":-6.0295820236206059,"z":-31.88433074951172},"rotation":{"x":-0.08329107612371445,"y":0.750995934009552,"z":-0.09649185091257096,"w":-0.6479589343070984},"size":32.36440658569336,"orthographic":false}