{"cameraMode":{"drawMode":0,"name":"Shaded","section":"Shading Mode"},"sceneLighting":true,"audioPlay":false,"sceneViewState":{"showFog":true,"showMaterialUpdate":true,"showSkybox":true,"showFlares":true,"showImageEffects":true,"showParticleSystems":true},"in2DMode":false,"pivot":{"x":39.53864669799805,"y":-1.2661577463150025,"z":-25.064414978027345},"rotation":{"x":-0.13426542282104493,"y":-0.6383203864097595,"z":0.11438576877117157,"w":-0.7493033409118652},"size":22.896984100341798,"orthographic":false}