{"cameraMode":{"drawMode":0,"name":"Shaded","section":"Shading Mode"},"sceneLighting":true,"audioPlay":false,"sceneViewState":{"showFog":false,"showMaterialUpdate":true,"showSkybox":true,"showFlares":true,"showImageEffects":true,"showParticleSystems":true},"in2DMode":false,"pivot":{"x":-32.18169403076172,"y":44.067928314208987,"z":-16.26419448852539},"rotation":{"x":-0.007806745823472738,"y":0.9911034107208252,"z":-0.06730685383081436,"w":-0.11468085646629334},"size":22.0,"orthographic":false}