{"cameraMode":{"drawMode":0,"name":"Shaded","section":"Shading Mode"},"sceneLighting":true,"audioPlay":false,"sceneViewState":{"showFog":true,"showMaterialUpdate":true,"showSkybox":true,"showFlares":true,"showImageEffects":true,"showParticleSystems":true},"in2DMode":false,"pivot":{"x":-1.405660629272461,"y":7.057361125946045,"z":18.686471939086915},"rotation":{"x":0.2965906858444214,"y":0.3124881386756897,"z":-0.10338208824396134,"w":0.8964921236038208},"size":49.808753967285159,"orthographic":false}