{"cameraMode":{"drawMode":0,"name":"Shaded","section":"Shading Mode"},"sceneLighting":true,"audioPlay":false,"sceneViewState":{"showFog":true,"showMaterialUpdate":true,"showSkybox":true,"showFlares":true,"showImageEffects":true,"showParticleSystems":true},"in2DMode":false,"pivot":{"x":6.3664655685424809,"y":69.4728012084961,"z":-5.050795078277588},"rotation":{"x":0.04657020419836044,"y":-0.9168174266815186,"z":0.11223119497299195,"w":0.38039398193359377},"size":7.180822372436523,"orthographic":false}