{"cameraMode":{"drawMode":0,"name":"Shaded","section":"Shading Mode"},"sceneLighting":true,"audioPlay":false,"sceneViewState":{"showFog":false,"showMaterialUpdate":true,"showSkybox":true,"showFlares":true,"showImageEffects":true,"showParticleSystems":true},"in2DMode":false,"pivot":{"x":-6.814178466796875,"y":-1.0169565677642823,"z":-8.761739730834961},"rotation":{"x":0.018629057332873346,"y":-0.980553388595581,"z":0.15723319351673127,"w":0.11612298339605332},"size":10.096529006958008,"orthographic":false}