{"cameraMode":{"drawMode":0,"name":"Shaded","section":"Shading Mode"},"sceneLighting":true,"audioPlay":false,"sceneViewState":{"showFog":false,"showMaterialUpdate":true,"showSkybox":true,"showFlares":true,"showImageEffects":true,"showParticleSystems":true},"in2DMode":false,"pivot":{"x":-1.8517167568206788,"y":-2.246358871459961,"z":-13.93602466583252},"rotation":{"x":0.08810995519161225,"y":0.9015966653823853,"z":-0.21920445561408997,"w":0.3624279201030731},"size":13.25744342803955,"orthographic":false}