{"cameraMode":{"drawMode":0,"name":"Shaded","section":"Shading Mode"},"sceneLighting":true,"audioPlay":false,"sceneViewState":{"showFog":false,"showMaterialUpdate":true,"showSkybox":true,"showFlares":true,"showImageEffects":true,"showParticleSystems":true},"in2DMode":false,"pivot":{"x":-66.31363677978516,"y":0.1112527847290039,"z":-69.93890380859375},"rotation":{"x":0.007259773090481758,"y":-0.9379029870033264,"z":0.019703714177012445,"w":0.34629353880882265},"size":80.832275390625,"orthographic":false}