{"cameraMode":{"drawMode":0,"name":"Shaded","section":"Shading Mode"},"sceneLighting":true,"audioPlay":false,"sceneViewState":{"showFog":false,"showMaterialUpdate":true,"showSkybox":true,"showFlares":true,"showImageEffects":true,"showParticleSystems":true},"in2DMode":false,"pivot":{"x":30.84697914123535,"y":25.027944564819337,"z":55.01421356201172},"rotation":{"x":0.0013246155576780439,"y":0.9776340126991272,"z":-0.21022574603557588,"w":0.006160062737762928},"size":9.498559951782227,"orthographic":false}