{"cameraMode":{"drawMode":0,"name":"Shaded","section":"Shading Mode"},"sceneLighting":true,"audioPlay":false,"sceneViewState":{"showFog":false,"showMaterialUpdate":true,"showSkybox":true,"showFlares":true,"showImageEffects":true,"showParticleSystems":true},"in2DMode":false,"pivot":{"x":-12.762598037719727,"y":18.41282081604004,"z":19.90607452392578},"rotation":{"x":0.14014865458011628,"y":0.8082945942878723,"z":-0.21357154846191407,"w":0.5305007100105286},"size":3.1014773845672609,"orthographic":false}