{"cameraMode":{"drawMode":0,"name":"Shaded","section":"Shading Mode"},"sceneLighting":false,"audioPlay":false,"sceneViewState":{"showFog":true,"showMaterialUpdate":false,"showSkybox":false,"showFlares":true,"showImageEffects":true,"showParticleSystems":true},"in2DMode":false,"pivot":{"x":-10.665413856506348,"y":4.6013994216918949,"z":-8.292949676513672},"rotation":{"x":0.030641840770840646,"y":-0.8736910223960877,"z":0.055359408259391788,"w":0.48254427313804629},"size":23.89890480041504,"orthographic":false}